company_id,company_name
1,McCullough and Strosin and Sons
2,Wilkinson Group
3,Kirlin and Auer LLC
4,Kshlerin and Sons
5,Simonis and Morissette and Sons
6,Ryan and Gutmann LLC
7,Ward and Mayert Inc
8,DuBuque and Sons
9,Koepp LLC
10,Kreiger Group
11,Hoeger and Mayer and Sons
12,Altenwerth and DuBuque Group
13,Bahringer LLC
14,Hickle Inc
15,Harris Group
16,Hansen and Rau and Sons
17,Littel Inc
18,Runolfsdottir and Sanford LLC
19,Hoeger and Robel LLC
20,Medhurst and Kling and Sons
21,Jacobs Inc
22,Zieme and Ratke LLC
23,Cummerata and Crona and Sons
24,Boyer and Dibbert LLC
25,Haley and Howe and Sons
26,Konopelski Inc
27,Osinski Group
28,Lakin Group
29,Upton and Bashirian and Sons
30,Dare and Schinner and Sons
31,Larkin and Doyle and Sons
32,Romaguera Group
33,Denesik and Sons
34,Metz and Morissette Inc
35,Dickens and Oberbrunner Group
36,Hettinger and Schroeder and Sons
37,Kub and Schmitt and Sons
38,Metz and Goyette Group
39,Kirlin and Bins Inc
40,Schultz Group
41,Braun and Greenfelder Inc
42,Kassulke and Mann and Sons
43,Durgan Inc
44,Bernier and Quitzon Group
45,O'Connell and Sons
46,Gutmann LLC
47,Swaniawski Inc
48,Lowe and Parker Group
49,Goyette and Sons
50,McClure and Sons
