company_id,contact_name,email,phone
1,Bertrand Zboncak,herminio@example.net,1-617-825-6737 x91249
2,Cielo Torp,diego@example.net,869-090-7670
3,Alisha Medhurst,leonel@example.net,899.003.9159 x1583
4,Saul Kuphal,wiley@example.net,1-252-362-5148 x3060
5,Justus Smith,bill@example.com,(123) 827-6186 x468
6,Mary Price,ludwig@example.net,(557) 451-6714 x041
7,Abbie Jacobs,therese@example.com,887.512.8497 x6806
8,Brayan Fadel,hosea@example.net,564-452-4966 x99113
9,Emma Nader,dallin@example.org,1-630-147-6504 x79553
10,Marisol Hermiston,jensen@example.com,1-320-253-7141 x245
11,Noelia Rempel,dangelo@example.org,328.160.1875 x567
12,Myles Wyman,johnathon@example.net,839-599-4785 x5283
13,Peyton Rice,alexys@example.net,(371) 707-7976 x69217
14,Emery Johns,finn@example.net,416-632-8391
15,Florian Berge,alysa@example.org,1-740-923-7043
16,Ellsworth Hartmann,nicholaus@example.net,(914) 854-2880
17,Savanna Effertz,louisa@example.com,386-920-8287 x519
18,Elta Jakubowski,jaylin@example.net,1-224-666-0375
19,Jimmie Heller,kennedy@example.net,(717) 513-1983
20,Linda Daugherty,cornelius@example.net,1-940-405-5250
21,Oral Pagac,korey@example.com,559-488-0140 x8435
22,Juvenal Runolfsdottir,johathan@example.org,716.002.3005
23,Luigi Thompson,sherwood@example.org,425-066-3529 x7789
24,Nathanael Rosenbaum,delphia@example.org,1-559-890-6737
25,Alejandra O'Conner,merritt@example.com,1-932-617-8746 x7875
26,Aurelio Gorczany,kobe@example.net,408-427-1663 x875
27,Beverly Grimes,alayna@example.org,1-550-419-8707 x3191
28,Sigrid Streich,darrin@example.com,557.378.6144 x48173
29,Dana Schowalter,icie@example.net,(234) 387-2377 x33779
30,Lexus Douglas,manuel@example.org,(643) 049-0047 x434
31,Alessandro Pfeffer,mina@example.net,1-618-828-1645 x1094
32,Meagan Powlowski,colleen@example.net,769.765.6932
33,Sage Gerhold,devon@example.org,1-726-366-8761 x5178
34,Kelli Borer,consuelo@example.com,749.466.2347 x06938
35,Hortense Schumm,luigi@example.org,1-425-439-9134 x88019
36,Elliot Schaden,sammy@example.net,(781) 773-5852 x39410
37,Trycia Hudson,leora@example.org,351.124.9945 x0300
38,Cesar Gerlach,imelda@example.org,517-147-5436 x87416
39,Frederique Becker,eriberto@example.com,277.168.0111
40,Orrin Bahringer,kathryne@example.org,855.693.5000
41,Adolphus Sipes,marlene@example.org,1-865-531-2864 x67634
42,Okey Rogahn,freda@example.org,(985) 737-6931 x9268
43,Margret Stark,alessandra@example.org,415.590.8221
44,Savanna D'Amore,adam@example.net,(508) 635-2327
45,Dylan Hand,amira@example.net,(889) 944-6439
46,Boyd Kuhlman,lora@example.org,974-049-4877 x97844
47,Flavie Stark,okey@example.com,827-363-6890 x74780
48,Grace Rogahn,nettie@example.net,1-232-508-3757 x766
49,Thalia Berge,devonte@example.net,983-456-7471 x78312
50,Anabelle Lemke,danika@example.net,652.046.1270 x906
